,PDB,uniprot(gene),Family,angle
0,7E2X,5HT1A,Gi/o,2.5662951661902067
1,7E2Z,5HT1A,Gi/o,2.537746749002848
2,7E2Y,5HT1A,Gi/o,3.5609362801724513
3,7E32,5HT1D,Gi/o,4.4311663196498206
4,6D9H,AA1R,Gi/o,5.276755083602068
5,6K42,ADA2B,Gi/o,3.782463718332243
6,6WWZ,CCR6,Gi/o,9.70763416249819
7,6N4B,CNR1,Gi/o,10.639427593401512
8,6KPG,CNR1,Gi/o,11.166312234054086
9,6KPF,CNR2,Gi/o,10.252047603464376
10,6PT0,CNR2,Gi/o,7.237061574186141
11,6LFO,CXCR2,Gi/o,11.044670175152527
12,6LFM,CXCR2,Gi/o,10.064748253098507
13,7JVR,DRD2,Gi/o,5.983522806798905
14,6OMM,FPR2,Gi/o,8.660164998261589
15,6OSA,NTR1,Gi/o,11.027395492936622
16,6OS9,NTR1,Gi/o,7.936899533002758
17,7L0S,NTR1,Gi/o,10.228484138288806
18,7L0Q,NTR1,Gi/o,13.696835779902688
19,7L0R,NTR1,Gi/o,10.233303430944943
20,6DDE,OPRM,Gi/o,14.93448962954803
21,6DDF,OPRM,Gi/o,16.463613733994006
22,6OY9,OPSD,Gi/o,10.003977585221698
23,6OYA,OPSD,Gi/o,13.12479592162848
24,6CMO,OPSD,Gi/o,5.441530642943185
25,6QNO,OPSD,Gi/o,5.471691123972809
