,PDB,uniprot(gene),Family,angle
0,6WHA,5HT2A,Gq/11,7.417165921901565
1,6OIJ,ACM1,Gq/11,6.0026806122811465
2,7DFL,HRH1,Gq/11,10.762626199012898
