,PDB,uniprot(gene),Family,angle
0,6WHA,5HT2A,Gq/11,23.072922997378356
1,6OIJ,ACM1,Gq/11,27.01373704087871
2,7DFL,HRH1,Gq/11,32.581439588403725
