,PDB,uniprot(gene),Family,angle
0,6WHA,5HT2A,Gq/11,7.417165921901565
1,7MBY,CCKAR,Gq/11,16.3691604660715
2,7DFL,HRH1,Gq/11,10.762626199012898
