,PDB,uniprot(gene),Family,angle
1,6WHA,5HT2A,Gq/11,159.28366981727743
0,6OIJ,ACM1,Gq/11,100.80742591063071
2,7DFL,HRH1,Gq/11,150.18232447418742
