,PDB,uniprot(gene),Family,angle
0,7DHR,ADRB2,Gs,6.498827798583849
1,7BZ2,ADRB2,Gs,7.304642162379793
2,7DHI,ADRB2,Gs,5.717875462514428
3,7LJC,DRD1,Gs,3.810347797030734
4,7LJD,DRD1,Gs,2.185096944433338
5,7CRH,DRD1,Gs,5.338071779237609
6,7CKZ,DRD1,Gs,6.472205051465432
7,7CKW,DRD1,Gs,6.543059195592993
8,7JVQ,DRD1,Gs,6.269734499161473
9,7JV5,DRD1,Gs,6.142381059249857
10,7JVP,DRD1,Gs,6.057088027984313
11,7CKX,DRD1,Gs,9.809096502143033
12,7CKY,DRD1,Gs,8.772416715607822
13,7CFM,GPBAR,Gs,3.47300335459741
14,7CFN,GPBAR,Gs,3.46368273019489
15,7L1U,OX2R,Gs,12.226359601099258
16,7L1V,OX2R,Gs,12.404902735749637
