,PDB,uniprot(gene),Family,angle
0,6WHA,5HT2A,Gq/11,60.83737057617428
1,7MBY,CCKAR,Gq/11,59.77808377862465
2,7DFL,HRH1,Gq/11,65.19472211662948
